年度,DUM2000,DUM2001,DUM2007,DUM2008,DUM2009,DUM2014,DUM2020,DUM2022,DUM2023,TIME,W_HOURS,WHMAX,LOAD,GOLD,CONTAX,NEER,YR_W,PW,RH,I_US,LF,N_W
1994,0.0,0.0,0.0,0.0,0.0,0.0,0.0,0.0,0.0,1,117.633333,117.882204,124.016667,0.0,3.0,0.919175,100.0,0.697654,0.0,0.074342,6650.0,-0.943253
1995,0.0,0.0,0.0,0.0,0.0,0.0,0.0,0.0,0.0,2,117.941667,117.29711,124.658333,0.0,3.0,0.945108,103.438455,0.712612,0.0,0.061867,6672.0,-1.897993
1996,0.0,0.0,0.0,0.0,0.0,0.0,0.0,0.0,0.0,3,117.458333,116.712015,128.266667,-0.0,3.0,0.8243,107.470608,0.683345,0.0,0.066017,6737.0,-3.050322
1997,0.0,0.0,0.0,0.0,0.0,0.0,0.0,0.0,0.0,4,116.058333,116.126921,128.958333,0.0,5.0,0.823725,111.405697,0.699343,0.0,0.061083,6794.0,-3.0396
1998,0.0,0.0,0.0,0.0,0.0,0.0,0.0,0.0,0.0,5,114.7,115.541826,119.55,0.0,5.0,0.844975,114.617352,0.685275,0.0,0.051133,6789.0,-3.161484
1999,0.0,0.0,0.0,0.0,0.0,0.0,0.0,0.0,0.0,6,114.0,114.956732,122.208333,0.0,5.0,0.978767,119.069005,0.751693,0.0,0.060108,6775.0,-3.243793
2000,1.0,0.0,0.0,0.0,0.0,0.0,0.0,0.0,0.0,7,114.033333,114.371637,124.691667,792.5,5.0,1.0269,124.040978,0.797901,0.0,0.056717,6772.0,-3.018923
2001,0.0,1.0,0.0,0.0,0.0,0.0,0.0,0.0,0.0,8,112.833333,113.786542,113.883333,984.0,5.0,0.938417,127.208604,0.741349,0.0,0.050242,6737.0,-3.0075
2002,0.0,0.0,0.0,0.0,0.0,0.0,0.0,0.0,0.0,9,112.258333,113.201448,119.725,980.5,5.0,0.932958,131.077232,0.72864,0.0,0.043217,6677.0,-2.75015
2003,0.0,0.0,0.0,0.0,0.0,0.0,0.0,0.0,0.0,10,112.758333,112.616353,124.525,1083.7,5.0,0.959083,136.531469,0.741371,0.0,0.0404,6662.0,-2.759794
2004,0.0,0.0,0.0,0.0,0.0,0.0,0.0,0.0,0.0,11,111.883333,112.031259,128.775,1125.1,5.0,0.981025,143.503062,0.790706,0.0,0.043433,6639.0,-3.134995
2005,0.0,0.0,0.0,0.0,0.0,0.0,0.0,0.0,0.0,12,111.908333,111.446164,130.575,1681.9,5.0,0.92405,150.441858,0.827949,0.0,0.043583,6655.0,-3.020878
2006,0.0,0.0,0.0,0.0,0.0,0.0,0.0,0.0,0.0,13,111.958333,110.86107,133.741667,1922.0,5.0,0.866267,158.387572,0.841145,0.0,0.048192,6669.0,-3.234679
2007,0.0,0.0,1.0,0.0,0.0,0.0,0.0,0.0,0.0,14,111.275,110.275975,135.1,2282.1,5.0,0.842467,165.822748,0.875323,0.0,0.04375,6686.0,-3.290807
2008,0.0,0.0,0.0,1.0,0.0,0.0,0.0,0.0,0.0,15,109.091667,109.690881,114.941667,2216.7,5.0,0.976325,169.2368,1.008544,0.0,0.03435,6674.0,-3.300929
2009,0.0,0.0,0.0,0.0,1.0,0.0,0.0,0.0,0.0,16,107.416667,109.105786,104.075,2559.7,5.0,1.049775,170.952482,0.911205,0.0,0.035017,6643.0,-3.390259
2010,0.0,0.0,0.0,0.0,0.0,0.0,0.0,0.0,0.0,17,108.433333,108.520692,114.266667,2932.8,5.0,1.119942,179.340809,1.000108,0.0,0.0315,6631.0,-3.359113
2011,0.0,0.0,0.0,0.0,0.0,0.0,0.0,0.0,0.0,18,108.691667,107.935597,112.866667,3360.8,5.0,1.17565,186.275398,1.107462,0.0,0.0243,6584.0,-3.22176
2012,0.0,0.0,0.0,0.0,0.0,0.0,0.0,0.0,0.0,19,108.041667,107.350502,110.658333,3697.7,5.0,1.137558,192.51113,1.079543,0.0,0.017808,6567.0,-3.084123
2013,0.0,0.0,0.0,0.0,0.0,0.0,0.0,0.0,0.0,20,107.775,106.765408,118.0,3272.7,5.0,0.935775,199.049648,0.987243,0.0,0.025542,6595.0,-3.191777
2014,0.0,0.0,0.0,0.0,0.0,1.0,0.0,0.0,0.0,21,107.45,106.180313,118.733333,3510.5,8.0,0.878208,205.992993,0.932657,0.0,0.023417,6616.0,-2.727041
2015,0.0,0.0,0.0,0.0,0.0,0.0,0.0,0.0,0.0,22,106.958333,105.595219,115.6,3421.7,8.0,0.857792,212.96872,0.827769,0.0,0.021242,6633.0,-2.725849
2016,0.0,0.0,0.0,0.0,0.0,0.0,0.0,0.0,0.0,23,106.041667,105.010124,115.575,3424.0,8.0,0.975075,220.221398,0.860991,0.0,0.019725,6688.0,-2.578487
2017,0.0,0.0,0.0,0.0,0.0,0.0,0.0,0.0,0.0,24,105.791667,104.42503,119.391667,3458.6,8.0,0.928608,228.555779,0.881249,0.0,0.024092,6764.0,-2.703207
2018,0.0,0.0,0.0,0.0,0.0,0.0,0.0,0.0,0.0,25,104.708333,103.839935,118.475,3529.6,8.0,0.943108,236.436701,0.935563,0.0,0.028833,6868.0,-2.734435
2019,0.0,0.0,0.0,0.0,0.0,0.0,0.0,0.0,0.0,26,102.733333,103.254841,112.675,4291.7,9.0,0.986,239.942193,0.935714,0.0,0.01825,6923.0,-2.507809
2020,0.0,0.0,0.0,0.0,0.0,0.0,1.0,0.0,0.0,27,99.608333,102.669746,100.408333,5093.5,10.0,0.993417,238.936911,0.873213,0.0,0.008792,6901.0,-2.475611
2021,0.0,0.0,0.0,0.0,0.0,0.0,0.0,0.0,0.0,28,100.633333,102.084651,108.0,6425.6,10.0,0.918717,252.749514,0.981189,0.0,0.015983,6897.0,-2.530242
2022,0.0,0.0,0.0,0.0,0.0,0.0,0.0,1.0,0.0,29,100.958333,101.499557,107.85,7168.5,10.0,0.81945,261.578076,1.078396,0.0,0.033783,6906.0,-2.398197
2023,0.0,0.0,0.0,0.0,0.0,0.0,0.0,0.0,1.0,30,100.916667,100.914462,104.983333,9115.1,10.0,0.78015,270.213226,1.000152,0.0,0.040858,6934.0,-2.277611
