年度,KTR_N,NP_N,KTR_F,NP_F,KTR_G,NP_G,KTR_H,NP_H,D_F,D_G,KTR_W,STR_W,T_W,STR_F,STR_N,T_F,CPEN_F,CPEN_H,OTR_H,SB2_N,SB2_F,SB2_G,SB2_H,GR,IR_F,IR_G
1994,4631.2,-5057.1,-318.4,-134.0,-1297.2,5169.5,-3205.1,21.6,1404.7,14139.2,189.6,484.0,0.0,2845.1,5398.5,2659.2,3133.1,3133.1,40884.0,0.5512,0.0643,0.064,0.3205,33505.5,1494.2831,29784.755
1995,5239.3,6002.3,-300.8,-581.7,-1960.0,5723.2,-3258.8,-11143.8,1425.7,14726.5,280.4,660.8,0.0,2121.2,6074.3,2607.1,2429.1,2429.1,42176.5,0.5609,0.0619,0.0658,0.3114,34735.9,1643.1589,31696.786
1996,5212.3,-2523.0,357.8,-635.8,-3089.3,5052.0,-2895.6,-1893.1,1506.0,15365.2,414.7,1058.3,0.0,2105.8,5343.6,4243.9,2312.9,2312.9,44674.6,0.5687,0.0661,0.0661,0.2991,35005.0,1810.5263,31203.5088
1997,4062.3,648.5,-314.7,-399.8,-1809.1,4233.6,-2850.7,-4482.3,1661.4,16096.0,912.2,831.0,0.0,976.1,5126.4,2271.4,1172.9,1172.9,45708.8,0.5456,0.067,0.0709,0.3165,36074.8,1931.6421,29296.1255
1998,28067.0,4115.4,985.5,585.8,-28764.1,4743.4,-2397.1,-9444.7,1798.0,16325.6,2108.6,1362.7,0.0,1404.2,4948.2,3443.1,1482.0,1482.0,47690.2,0.5478,0.0667,0.073,0.3124,37006.7,2030.7404,30249.8594
1999,3400.1,3433.6,3300.8,-63.3,-6022.3,4169.7,-2245.3,-7540.0,1924.7,16373.5,1566.7,1057.5,0.0,1050.0,4712.7,2894.6,821.7,821.7,49667.1,0.5409,0.0664,0.0726,0.3201,38144.8,1927.8517,30205.4183
2000,3771.3,4988.1,3485.3,251.3,-5815.3,3878.9,-2093.2,-9118.4,1968.7,16671.2,651.7,875.0,0.0,563.9,4366.2,3418.0,345.1,345.1,51886.8,0.5676,0.0667,0.0709,0.2948,38848.3,2139.3269,28421.4423
2001,3867.9,4706.7,565.1,105.0,-2954.5,3410.7,-1872.1,-8222.4,2000.3,16681.6,393.5,627.2,0.0,1493.6,4398.9,2997.2,1214.7,1214.7,53348.8,0.5472,0.084,0.0736,0.2951,39550.9,2508.6275,27212.2549
2002,3437.5,-4258.1,1309.3,-498.9,-3637.4,2936.8,-1472.3,1820.1,2132.3,16646.3,362.8,976.8,0.0,853.0,4509.9,1873.8,442.3,442.3,52850.7,0.5529,0.0895,0.0716,0.286,40175.2,2524.975,26391.3087
2003,4377.3,1633.7,-3521.1,-413.7,49.4,2929.7,-1465.5,-4149.8,2260.6,16725.3,559.8,684.4,0.0,880.7,5573.6,1450.6,609.0,609.0,53370.7,0.5587,0.0923,0.0695,0.2796,41033.4,2836.5755,24000.8105
2004,2881.7,-4431.8,-5429.5,-656.8,3641.9,2155.9,-1502.7,2932.6,2374.1,16812.6,408.6,748.7,0.0,-725.0,5604.7,1657.1,-1024.9,-1024.9,54370.3,0.573,0.0882,0.069,0.2699,40550.3,2733.1976,22447.2505
2005,2625.5,-12185.4,-3115.3,8886.3,1239.1,2118.3,-1470.8,1180.8,2462.4,16917.2,721.4,582.8,0.0,1131.7,4957.9,2284.3,325.3,325.3,55924.9,0.5668,0.0919,0.0713,0.27,40065.1,2402.0346,21620.2442
2006,2522.3,1897.5,-1669.2,-447.7,-315.7,1922.3,-1046.1,-3372.1,2453.3,17047.0,508.6,978.3,0.0,922.9,5523.7,3410.1,156.1,156.1,55401.3,0.5736,0.0869,0.0709,0.2687,39943.0,2376.0606,20117.7778
2007,2250.2,1126.4,-2007.3,-808.4,5.4,1859.0,-633.8,-2177.0,2427.5,17167.5,385.6,1069.4,0.0,528.8,5467.5,3070.9,61.0,61.0,57423.4,0.5797,0.0819,0.0715,0.2669,40112.8,2440.9639,19015.3614
2008,2434.4,1052.4,758.7,-3.7,-3448.2,1973.8,-238.8,-3022.5,2376.2,17249.8,493.9,1046.0,0.0,842.9,5600.4,1872.3,194.8,194.8,58020.9,0.559,0.0704,0.0795,0.2911,38927.1,2566.9331,18300.5994
2009,3360.7,6005.6,-1158.2,-116.7,-2336.3,2028.6,-354.8,-7917.5,2332.1,16801.9,488.5,1047.9,0.0,488.0,6971.1,1542.2,-597.8,-597.8,61029.0,0.5616,0.0702,0.078,0.2903,39743.3,2691.7178,20192.229
2010,3406.5,838.7,-3759.9,-187.6,-2270.7,1530.2,2143.7,-2181.4,2404.4,16764.4,480.5,905.8,0.0,139.8,6745.8,1332.3,-532.3,-532.3,60439.5,0.5857,0.0636,0.0744,0.2763,40264.2,2522.8866,18880.8247
2011,4903.9,2961.6,-1555.5,-479.8,-2813.7,1409.6,-278.6,-3891.4,2387.6,16765.0,-256.1,786.9,0.0,-251.5,6358.8,2129.2,-835.8,-835.8,63288.9,0.5812,0.062,0.0781,0.2788,40415.2,2327.6112,18759.8759
2012,3912.7,-671.8,-1562.7,-449.6,-2462.1,1311.9,-259.0,-190.6,2324.8,16744.7,371.0,704.0,0.0,-949.5,7137.8,2756.0,-1278.7,-1278.7,64284.8,0.5843,0.0583,0.0779,0.2796,40430.1,2322.9491,18691.0696
2013,3324.3,-2823.5,-1917.2,-50.4,-1724.6,1377.8,-266.3,1496.1,2326.3,16986.7,583.8,1218.8,0.0,-737.6,6320.9,3245.0,-1057.3,-1057.3,65434.3,0.5937,0.0575,0.0755,0.2732,41113.5,2609.2213,20945.5943
2014,2885.1,-717.0,-2768.0,60.6,603.7,1191.8,-991.4,-535.3,2402.2,17589.8,270.7,1771.2,0.0,-453.3,6515.1,4304.9,-550.2,-550.2,66398.8,0.5947,0.0586,0.0781,0.2686,40948.5,2473.996,20641.6667
2015,2477.9,233.2,-5674.9,-8.9,3609.3,1043.4,-1113.1,-1267.7,2472.1,17889.7,700.9,1748.1,0.0,-923.4,7030.9,4332.1,-930.9,-930.9,68850.5,0.6111,0.0531,0.0753,0.2606,41305.8,2564.3287,19804.3086
2016,3173.4,1365.0,-5395.7,17.7,3436.6,936.9,-1462.8,-2319.6,2489.0,17986.5,248.5,1907.0,0.0,-811.5,7130.6,3964.1,-716.9,-716.9,68850.0,0.6182,0.0489,0.077,0.256,41966.7,2524.9243,19791.8264
2017,3010.7,1853.9,-2844.5,-266.8,1260.3,903.0,-1732.1,-2490.1,2506.0,18364.2,305.4,1965.0,0.0,-547.0,7283.6,4551.9,-418.9,-418.9,70467.4,0.6265,0.0455,0.0774,0.2506,41178.4,2552.3904,20450.7968
2018,2942.6,2249.7,-1755.1,-187.8,660.4,1551.6,-2012.8,-3613.5,2529.3,18697.2,164.9,1578.7,0.0,-630.1,6912.3,4416.6,-390.4,-390.4,70767.2,0.6228,0.0503,0.0806,0.2463,41356.4,2459.6059,20580.0
2019,2602.0,3112.4,-1191.9,-36.6,159.9,1103.7,-2030.4,-4179.5,2541.4,19028.6,460.4,1158.3,0.0,-885.5,6571.6,4760.0,-796.7,-796.7,74636.0,0.6161,0.0529,0.0837,0.2473,42264.3,2475.8553,21547.1163
2020,3580.3,2558.3,343.6,-183.5,-2155.2,1182.6,-1977.8,-3557.4,2569.7,19370.3,209.1,2448.8,0.0,-45.4,19066.2,4726.8,-1012.4,-1012.4,93041.4,0.5978,0.0543,0.0926,0.2553,44534.6,2523.8235,22798.6275
2021,2852.3,4495.3,-475.6,-151.4,-215.4,1093.7,-2531.9,-5437.6,2595.8,20018.9,370.7,2214.3,0.0,-599.0,18517.7,5011.5,-1482.2,-1482.2,81274.2,0.6055,0.0545,0.0921,0.2479,44577.1,2434.9716,21341.966
2022,3368.1,4930.6,-1048.1,-113.5,-142.2,864.0,-2349.0,-5681.1,2681.8,20931.8,171.4,2877.2,0.0,-562.2,11908.8,5859.6,-876.5,-876.5,84192.7,0.6078,0.062,0.093,0.2372,43973.9,2532.6715,19917.509
2023,3489.9,5471.0,-952.8,-64.4,31.5,519.6,-2913.4,-5926.1,2761.4,21592.8,344.9,4005.3,0.0,-622.8,5841.7,6056.3,-807.6,-807.6,83227.3,0.6243,0.0709,0.0864,0.2184,43549.6,2683.5088,20134.4737
