年度,YN,YR,CR,XR,MR,PY,PC,PG,PI,PH,PX,PM,KN_N,KN_F,KN_G,KN_H,IR_N,IR_H,N_N,UN,W,TIN_N,TD_N,T_H,B2_N,Y_H,YDR_H,NSA_N,NSA_H,NSA_W,ASSET_N,LIAB_F,LIAB_H,NWR_H,RRB,RRL,PHS,CN,GN,XN,MN,IN_N,IN_F,IN_G,IN_H,IN_SUM,IR_SUM,TB,TBR,B2,B2_F,B2_G,B2_H,WB_N,WB_H,WB_W,YFN,WS,ULC,D_N,D_H,UNR,N_H,KR_N,KR_H,S_N,NL_N,S_F,NL_F,S_G,NL_G,S_H,NL_H,S_W,NL_W,NL_CB,T_G,SBEN_H,SCON_H,STR_H,STR_G,YD_H,FNWL_N,FNWLR_N,TOTAL_N,FNWL_CB,FNWLR_CB,TOTAL_CB,FNWL_F,FNWLR_F,TOTAL_F,FNWL_G,FNWLR_G,TOTAL_G,FNWL_H,FNWLR_H,TOTAL_H,FNWL_W,FNWLR_W,TOTAL_W,NW_N,NWR_N,NW_F,NWR_F,NW_G,NWR_G,NW_H,TOTAL_SUM,NGSHA_SUM,NGBA_SUM,NDEPA_SUM,NLBDA_SUM,NEQUA_SUM,NPENA_SUM,NNFWA_SUM,FA,FAB,MB,MS,SD,RRH,RRM,RCHI,RPSI,FINCOME_SUM,GDPMAX,GDPGAP
1994,511958.8,447936.9,290465.1,38685.5,48021.4,1.143,1.075,1.045,1.102,0.961,1.167,0.759,743997.4,7658.3,399461.0,397066.4,76491.37931,38711.134235,6455.0,194.0,40.710178,29358.1,19296.0,30826.4,121703.6,403562.9,346731.627907,186924.9,618426.4,1857.0,907830.1,1084735.9,1108391.7,1216945.953488,,,1.0,312266.3,35015.4,45159.4,36446.5,84293.5,1646.7,32822.8,37201.4,155964.4,141528.493648,8712.9,-9335.9,220811.4,14192.3,14139.2,70776.5,262784.2,262822.6,-38.4,483595.6,0.543397,0.586655,72483.9,26790.7,2.917732,6455.943253,675133.756806,397066.4,73630.3,-2994.0,13543.0,-2818.0,18611.1,-20672.0,63603.3,38722.8,-12428.4,-12238.8,,82139.6,49558.4,57155.5,33286.9,-37312.0,372736.5,-720905.2,-670609.488372,0.0,3546.6,3299.162791,0.0,-31420.4,-29228.27907,0.0,-81327.6,-75653.581395,0.0,911150.5,847581.860465,0.0,-81043.9,-75389.674419,0.0,23092.2,21481.116279,-23762.1,-22104.27907,318133.4,295938.046512,1308216.9,0.0,0.0,-0.0,0.0,-0.0,0.0,0.0,-0.0,81043.9,12238.8,45540.1,830692.8,-994.9,,,,,,454230.637208,-1.385582
1995,525299.5,462177.3,297787.0,40286.6,55039.0,1.137,1.072,1.045,1.089,0.953,1.164,0.754,753217.1,7723.4,416461.3,399831.5,84918.82461,37410.493179,6456.0,216.0,41.35948,30260.7,20354.7,30392.5,125453.0,405987.1,350368.097015,195221.1,649082.3,10543.0,993353.4,1188182.2,1199543.3,1291154.477612,0.071,0.092207,0.985087,319163.3,36310.8,46887.1,41497.6,92476.6,1789.4,34517.8,35652.2,164436.0,150997.245179,5389.5,-14752.4,223677.6,13840.1,14726.5,69658.1,267016.8,267095.2,-78.4,490694.4,0.544161,0.577737,72358.6,26965.5,3.23741,6457.897993,691659.412305,405884.609259,79348.7,-7399.3,13809.7,1778.2,17741.5,-21855.2,58860.3,36864.5,-9668.6,-9388.2,-996.2,83615.0,53591.0,60977.6,34789.9,-38703.0,375594.6,-798132.3,-744526.399254,0.0,4037.7,3766.511194,0.0,-2449.1,-2284.608209,0.0,-101814.3,-94976.026119,0.0,984286.1,918177.33209,0.0,-85928.1,-80156.809701,0.0,-44915.2,-41898.507463,5274.3,4920.05597,314647.0,293513.992537,1384117.6,0.0,0.0,-0.0,0.0,-0.0,-0.0,0.0,0.0,85928.1,9388.2,49215.8,871378.6,4344.4,0.002791,0.032131,0.015914,0.05613,-2e-06,461865.781233,0.067448
1996,538659.6,475806.1,305283.4,42903.6,60033.8,1.132,1.077,1.053,1.083,0.963,1.197,0.829,775705.6,8030.2,440730.2,416861.5,89540.073869,40226.583593,6512.0,225.0,41.897221,31056.3,21120.9,29501.3,132250.3,411606.9,354787.000929,189657.8,678506.5,21201.7,963899.2,1247627.8,1224394.6,1311277.808728,0.056969,0.078008,0.999555,328723.6,36848.1,51374.5,49750.8,96971.9,1960.8,33793.4,38738.2,171464.3,158323.45337,1623.7,-17130.2,232564.4,15380.9,15365.2,69567.9,272834.7,272962.4,-127.7,505399.1,0.53984,0.573416,73815.5,27493.1,3.339765,6515.050322,716256.325023,417047.098428,88918.8,-491.1,14248.5,2739.0,17768.7,-22870.8,55694.8,27579.1,-7370.9,-6956.2,-615.3,85922.4,54833.4,62109.7,37398.3,-40843.0,382105.6,-774241.4,-718887.093779,0.0,5014.0,4655.524605,0.0,15871.4,14736.675952,0.0,-136861.5,-127076.601671,0.0,995384.7,924219.777159,0.0,-105167.2,-97648.282266,0.0,1464.2,1359.517177,23901.6,22192.75766,303868.7,282143.63974,1412246.2,0.0,-0.0,-0.0,-0.0,-0.0,-0.0,0.0,0.0,105167.2,6956.2,52662.9,890932.6,2204.2,-0.004664,0.022951,0.003307,0.043968,-0.0,475469.003185,0.070898
1997,542508.0,475217.3,302281.1,46745.3,58835.2,1.142,1.092,1.054,1.084,0.974,1.215,0.849,789707.7,8413.8,459277.0,423410.6,92444.188192,34324.024641,6557.0,236.0,42.538493,32979.9,21147.4,30736.8,123853.6,421405.5,357755.21978,187175.2,715774.7,21052.8,943717.4,1281620.4,1267863.5,1326520.695971,0.039423,0.061312,1.002544,330151.4,38035.9,56808.4,49979.7,100209.5,2093.9,31757.0,33431.6,167492.0,154512.915129,6828.7,-12089.9,227006.6,15203.3,16096.0,71853.7,278924.9,279054.2,-129.3,505931.5,0.55131,0.586942,76268.2,28128.4,3.474165,6560.0396,728512.638376,422336.289431,81863.9,-5273.6,15557.2,3831.1,17947.3,-17369.3,61690.2,31062.8,-13163.2,-12251.0,-213.4,87135.5,57964.9,64150.0,39523.7,-41406.1,390668.7,-756542.2,-692804.212454,0.0,5394.2,4939.74359,0.0,12613.5,11550.824176,0.0,-159027.4,-145629.487179,0.0,1025150.0,938782.051282,0.0,-127588.1,-116838.919414,0.0,33165.5,30371.336996,21027.3,19255.769231,300249.6,274953.846154,1448560.6,0.0,0.0,0.0,-0.0,0.0,-0.0,0.0,0.0,127588.1,12251.0,58614.5,925446.4,3596.6,-0.013928,0.009636,-0.005219,0.031816,0.0,482294.882177,-1.46748
1998,534564.1,470507.4,303680.0,44991.6,54978.2,1.136,1.089,1.041,1.067,0.953,1.203,0.811,789146.1,8763.3,465872.2,418589.8,85831.771321,31306.190976,6495.0,294.0,42.068853,35019.9,17616.8,26712.4,122468.4,415814.5,357302.203857,193431.7,742633.3,27582.6,955604.0,1319516.2,1317713.1,1367464.554637,0.050527,0.067641,0.986432,330638.3,38529.6,54129.4,44593.9,91582.5,2166.8,32276.6,29834.8,155860.7,146073.758201,9535.5,-9986.6,223563.9,14921.2,16325.6,69848.8,273237.2,273370.2,-133.0,496801.1,0.549993,0.580729,77626.6,27833.9,4.330535,6498.161484,739593.345829,424347.163573,85062.0,31797.4,13354.4,3786.0,9104.9,-57597.3,59945.8,34254.7,-14349.5,-12240.8,927.6,82792.1,59971.3,64865.7,42795.8,-44730.0,389102.1,-762172.3,-699882.736455,0.0,5729.3,5261.065197,0.0,11591.9,10644.536272,0.0,-190254.1,-174705.325987,0.0,1070579.1,983084.573003,0.0,-135473.9,-124402.112029,0.0,26973.8,24769.32966,20355.2,18691.64371,275618.1,253092.837466,1489168.9,0.0,0.0,0.0,0.0,-0.0,-0.0,-0.0,-0.0,135473.9,12240.8,61456.9,958012.3,2743.1,0.002747,0.021934,0.016251,0.045165,0.0,481828.785927,-2.34967
1999,530298.6,473320.1,309036.3,47750.7,58613.9,1.12,1.08,1.026,1.052,0.945,1.106,0.768,786583.9,8782.1,476801.2,416452.4,81946.387833,31403.280423,6455.0,320.0,41.679597,35146.7,16179.5,25892.8,122081.5,416135.7,361336.018519,201022.6,763500.9,11513.8,1028660.4,1342176.3,1392261.9,1434154.259259,0.048983,0.072708,0.976057,333650.0,39144.4,52827.0,45010.6,86207.6,2028.1,31776.1,29676.1,149687.9,142288.878327,7816.4,-10863.2,225680.3,14992.9,16373.5,72232.5,269041.8,269177.0,-135.2,494722.1,0.543824,0.568414,77711.2,27470.4,4.723247,6458.243793,747703.326996,426668.171592,88675.0,36284.9,14100.2,-6175.9,2673.4,-38429.6,57414.5,20358.9,-13605.0,-12038.3,-1045.4,80113.6,62198.3,64299.0,47566.4,-48242.1,390242.9,-827637.8,-766331.296296,0.0,3347.4,3099.444444,0.0,5165.8,4783.148148,0.0,-225400.0,-208703.703704,0.0,1132434.2,1048550.185185,0.0,-87909.6,-81397.777778,0.0,-41053.9,-38012.87037,13947.9,12914.722222,251401.2,232778.888889,1548886.6,0.0,0.0,-0.0,0.0,0.0,-0.0,0.0,0.0,87909.6,12038.3,79418.5,986053.8,429.8,0.008264,0.026795,0.017139,0.047365,-0.0,485903.001646,-2.589591
2000,537614.2,485623.0,315093.3,52403.3,64668.3,1.107,1.072,1.024,1.04,0.942,1.078,0.777,795111.6,8749.4,489822.1,417722.7,89114.326923,31265.392781,6453.0,319.0,41.935487,34443.3,17334.1,29651.0,133448.6,416799.6,361146.08209,197717.5,775280.4,14176.3,944157.0,1356301.6,1407862.0,1456942.723881,0.037769,0.060646,0.97379,337711.4,39763.9,56468.4,50243.7,92678.9,2224.9,29558.3,29452.0,153914.1,147994.326923,6224.7,-12265.0,235118.8,15679.0,16671.2,69320.1,270609.7,270736.4,-126.7,505728.5,0.535089,0.557242,77918.0,27237.6,4.710573,6456.018923,764530.384615,428965.956048,102281.3,11418.3,13348.1,17862.6,4640.6,-31839.6,49782.2,15487.3,-13580.4,-12928.6,740.0,84846.4,63024.9,64593.6,50318.1,-50694.4,387148.6,-746439.5,-696305.503731,0.0,5614.1,5237.033582,0.0,2817.8,2628.544776,0.0,-268537.2,-250501.119403,0.0,1144119.9,1067276.026119,0.0,-136782.6,-127595.708955,0.0,48672.1,45403.078358,11567.2,10790.298507,221284.9,206422.481343,1561842.6,0.0,792.5,-0.0,0.0,0.0,-0.0,0.0,-792.5,136782.6,12928.6,67694.0,997492.7,-2557.6,0.007407,0.017148,0.011574,0.042321,-2e-06,492681.434638,-1.432657
2001,527410.5,482113.5,321515.4,48405.3,62626.2,1.094,1.057,1.049,1.02,0.93,1.101,0.79,790287.0,8915.3,493469.1,412179.9,83397.647059,29003.225806,6389.0,348.0,41.39651,34078.7,16556.6,28543.7,123974.7,404559.6,355738.789026,201631.6,793308.0,16087.3,871002.3,1360313.6,1416454.5,1475962.346263,0.040644,0.058354,0.959972,339782.5,41473.3,53278.8,49478.0,85065.6,2558.8,27756.5,26973.0,142353.9,139562.647059,3800.8,-14220.9,226545.6,19037.8,16681.6,66851.6,264482.3,264606.8,-124.5,491027.9,0.53863,0.548589,77689.9,26743.7,5.165504,6392.0075,774791.176471,429366.6548,95132.8,21625.9,17840.1,13185.9,1028.8,-37366.5,37448.1,13561.0,-11399.8,-11006.3,1020.2,82176.2,66067.3,68212.8,51203.3,-52000.4,376015.9,-669370.7,-633274.077578,0.0,7140.2,6755.156102,0.0,-17067.6,-16147.209082,0.0,-290434.7,-274772.658467,0.0,1147912.3,1086009.74456,0.0,-177195.5,-167640.018921,0.0,120916.3,114395.742668,-8152.3,-7712.677389,203034.4,192085.525071,1560092.2,0.0,984.0,0.0,0.0,0.0,-0.0,0.0,-984.0,177195.5,11006.3,98564.5,1018253.5,2303.9,0.013993,0.021302,0.020623,0.04768,-0.0,492063.183264,-2.022034
2002,523465.9,486545.5,325740.5,54319.0,65643.7,1.076,1.043,1.042,1.001,0.92,1.066,0.781,783893.8,9000.2,499013.3,408165.4,80158.041958,28476.521739,6318.0,360.0,40.61597,33874.1,15019.8,24581.9,128570.0,397197.1,357253.307766,198383.5,792364.8,22688.7,833059.4,1347177.9,1418288.1,1502554.458293,0.035584,0.053132,0.950289,339652.6,41850.0,57879.7,51298.2,80238.2,2527.5,26417.7,26198.4,135381.8,135246.553447,6581.5,-11324.7,232523.4,20811.2,16646.3,66495.9,256611.7,256723.4,-111.7,489135.1,0.524623,0.527416,77426.7,26222.0,5.390836,6320.75015,783110.689311,429516.934726,102128.5,28225.7,20150.5,10761.6,-7614.0,-36680.9,33404.9,10475.6,-13144.9,-12782.0,-871.8,75349.6,68716.0,68522.6,53044.1,-53997.0,372615.2,-634675.9,-608509.971237,0.0,7913.3,7587.056568,0.0,-14949.5,-14333.173538,0.0,-335813.2,-321968.552253,0.0,1158998.9,1111216.586769,0.0,-180493.1,-173051.869607,0.0,149217.9,143066.059444,-5949.3,-5704.026846,163200.1,156471.812081,1567164.3,0.0,980.5,0.0,0.0,0.0,-0.0,0.0,-980.5,180493.1,12782.0,105140.3,1010017.2,456.7,0.013245,0.020982,0.025079,0.045049,1e-06,492802.454318,-1.269668
2003,526219.9,495922.8,328672.1,59757.5,67247.6,1.061,1.032,1.031,0.987,0.919,1.03,0.773,785983.7,9695.3,510610.3,408502.0,84083.485309,27824.809576,6320.0,342.0,40.111693,33264.5,15879.2,23250.5,134516.1,395026.9,360248.449612,206175.9,803508.8,24526.1,831718.0,1359399.6,1448914.6,1542934.399225,0.02932,0.045468,0.951997,339251.7,42311.7,61576.6,51970.0,82990.4,2799.7,23688.8,25571.0,135049.9,136828.672746,9606.6,-7490.1,240758.7,22211.7,16725.3,67305.6,253505.9,253616.6,-110.7,494264.6,0.512895,0.51118,76700.0,25931.4,5.133594,6322.759794,796336.068896,429100.062896,110014.8,42348.4,21477.6,9432.7,-10436.6,-38837.0,33133.8,4326.6,-17830.5,-17270.7,-591.0,73844.8,66378.9,65906.0,53843.6,-55228.1,371776.4,-625542.1,-606145.445736,0.0,4303.2,4169.767442,0.0,-36393.2,-35264.728682,0.0,-360569.8,-349389.341085,0.0,1183806.3,1147099.127907,0.0,-164520.7,-159419.282946,0.0,160441.6,155466.666667,-26697.9,-25870.05814,150040.5,145388.081395,1592308.3,0.0,1083.7,0.0,0.0,-0.0,-0.0,-0.0,-1083.7,164520.7,17270.7,110896.2,1037535.4,-1309.2,0.010547,0.017714,0.023238,0.039912,-0.0,499181.835912,-0.652876
2004,529637.9,504269.4,333191.1,66783.7,73285.8,1.05,1.026,1.033,0.982,0.92,1.026,0.806,794209.0,9892.8,521159.4,410173.9,87520.366599,27969.673913,6332.0,308.0,40.478538,34186.3,18050.6,24129.1,139639.2,398879.2,365253.508772,222094.0,811378.8,29384.2,850130.2,1387077.4,1475036.4,1574659.259259,0.022433,0.043119,0.956058,341905.1,41902.3,68504.0,59077.7,85945.0,2684.0,22043.2,25732.1,136404.3,138904.582485,9426.3,-6502.1,243696.4,21482.7,16812.6,65761.9,256310.1,256437.0,-126.9,500006.5,0.512614,0.50828,77081.1,25719.2,4.638554,6335.134995,808766.802444,429026.058584,115337.8,33205.2,19433.6,12654.0,-6398.1,-30639.2,31820.1,3605.6,-19234.2,-18825.6,318.4,78023.1,67750.0,65037.6,57082.7,-57021.6,374750.1,-628036.2,-612121.052632,0.0,7575.5,7383.528265,0.0,-15112.0,-14729.044834,0.0,-374221.4,-364738.206628,0.0,1205426.5,1174879.62963,0.0,-194507.3,-189578.265107,0.0,166172.8,161961.793372,-5219.2,-5086.939571,146938.0,143214.424951,1615600.4,0.0,1125.1,0.0,-0.0,-0.0,0.0,0.0,-1125.1,194507.3,18825.6,113604.5,1041371.3,-4554.9,0.005814,0.012855,0.014714,0.033077,0.0,505233.12377,-0.190748
2005,534106.2,515134.1,339276.8,73090.4,77708.5,1.037,1.02,1.038,0.983,0.925,1.05,0.896,812700.8,10013.0,531270.4,411553.6,92015.25941,27407.675676,6366.0,289.0,41.080773,35097.5,21084.4,25170.8,134540.5,403642.2,371050.392157,228594.4,814149.2,31589.2,973780.6,1404622.4,1558722.9,1663018.137255,0.023541,0.043998,0.960092,345995.1,41578.0,76745.9,69629.7,90451.0,2361.2,21252.7,25352.1,139417.0,141828.077314,7116.2,-4618.1,237382.9,21821.6,16917.2,64103.5,261520.2,261644.3,-124.1,498903.1,0.52419,0.507674,78659.6,25626.8,4.3426,6369.020878,826755.645982,428660.74085,105803.3,17689.1,19563.7,12444.3,555.3,-21462.4,32801.6,10020.4,-19412.8,-18691.4,541.7,83637.1,66795.3,65685.3,57034.9,-57826.6,378471.4,-745186.2,-730574.705882,0.0,8596.7,8428.137255,0.0,-18582.3,-18217.941176,0.0,-349211.3,-342364.019608,0.0,1284724.9,1259534.215686,0.0,-178659.9,-175156.764706,0.0,67514.6,66190.784314,-8569.3,-8401.27451,182059.1,178489.313725,1696278.5,0.0,1681.9,0.0,-0.0,0.0,0.0,0.0,-1681.9,178659.9,18691.4,108792.3,1042865.4,105.6,0.005848,0.016654,0.017705,0.033557,-1e-06,513516.617744,0.314981
2006,537257.9,521784.6,341618.1,79433.4,80486.4,1.03,1.017,1.032,0.99,0.94,1.082,0.971,834399.7,9898.3,539996.2,418222.0,94658.888889,26346.06383,6398.0,271.0,41.518803,34752.0,23009.3,26503.3,138009.2,410649.0,377724.385447,223735.5,820363.3,42951.0,979185.1,1439576.8,1578740.3,1696367.05998,0.021901,0.042316,0.978738,347509.3,41222.8,85966.1,78186.8,93712.3,2352.3,19916.6,24765.3,140746.5,142168.181818,7779.3,-1053.0,240593.6,20901.7,17047.0,64635.6,265637.3,265771.5,-134.2,506230.9,0.524735,0.509094,81055.6,25770.7,4.063578,6401.234679,842827.979798,427307.591051,107017.1,1658.0,16787.6,12470.1,5760.8,-13101.0,36792.5,20350.8,-21886.5,-21377.9,849.4,87674.6,68228.9,67500.5,56129.7,-57559.1,384145.7,-755449.6,-742821.632252,0.0,9842.9,9678.367748,0.0,12399.8,12192.52704,0.0,-351903.9,-346021.533923,0.0,1306983.3,1285135.988201,0.0,-219950.5,-216273.844641,0.0,78950.1,77630.383481,22298.1,21925.368732,188092.3,184948.180924,1725205.3,0.0,1922.0,0.0,0.0,-0.0,0.0,0.0,-1922.0,219950.5,21377.9,89959.7,1041377.7,-3725.0,0.002941,0.017409,0.014513,0.02994,1e-06,520007.730669,0.341701
2007,538485.5,527271.6,344849.9,86992.4,82531.1,1.021,1.017,1.031,0.996,0.957,1.087,1.039,854975.1,9824.8,554070.0,421092.1,94465.863454,23176.071055,6431.0,255.0,41.539963,34704.1,23536.8,28680.1,139160.5,414947.8,379810.914454,222477.3,830497.3,46405.3,837396.9,1421586.3,1495239.8,1616710.619469,0.018458,0.035282,0.994607,350664.7,41349.4,94602.0,85768.8,94088.0,2431.2,18939.3,22179.5,137638.0,138190.763052,8833.2,4461.3,240036.4,19653.9,17167.5,64054.6,267143.5,267280.1,-136.6,507179.9,0.526723,0.506653,83398.9,25946.5,3.81394,6434.290807,858408.73494,423375.198657,108183.1,5272.9,16454.6,12693.7,5072.5,-10968.5,35664.0,16953.9,-24337.6,-23952.0,342.0,89991.8,69444.8,68318.3,58549.9,-59737.3,386267.7,-614919.6,-604640.707965,0.0,9671.7,9510.029499,0.0,16279.2,16007.079646,0.0,-388087.1,-381599.901672,0.0,1223102.6,1202657.423795,0.0,-243764.7,-239689.970501,0.0,240055.5,236042.772861,26104.0,25667.649951,165982.9,163208.357915,1644194.7,0.0,2282.1,0.0,0.0,-0.0,0.0,0.0,-2282.1,243764.7,23952.0,92788.8,1042300.7,-3398.5,-0.0,0.013363,0.009558,0.02522,-1e-06,528845.835715,-0.297674
2008,516174.9,508262.0,339214.8,78098.5,78965.3,1.016,1.018,1.033,1.001,0.98,1.033,1.033,868735.8,9533.7,563488.2,423649.4,88621.578422,22382.040816,6399.0,275.0,41.473168,33506.6,18695.9,27880.3,121308.2,411138.3,376481.335953,224603.6,841526.4,48944.0,726596.2,1410070.4,1446968.7,1574805.500982,0.015918,0.031712,1.010066,345367.2,40221.8,80651.2,81598.3,88710.2,2569.5,18318.9,21934.4,131533.0,131401.598402,-947.1,-866.8,217023.9,15280.6,17249.8,63185.4,265386.8,265523.7,-136.9,482410.7,0.550126,0.522146,85211.8,25886.6,4.120467,6402.300929,867867.932068,419427.443225,94046.9,10676.8,13980.0,13586.9,-4148.6,-27587.0,38085.6,13517.9,-10688.5,-10194.6,-0.7,81955.1,70650.2,68974.6,59696.5,-61405.7,383258.0,-501992.6,-493116.502947,0.0,8562.5,8411.100196,0.0,6112.9,6004.81336,0.0,-439278.2,-431511.001965,0.0,1179502.6,1158646.954813,0.0,-250690.5,-246257.858546,0.0,366743.2,360258.546169,15646.6,15369.941061,124210.0,122013.752456,1603152.0,0.0,2216.7,0.0,-0.0,0.0,-0.0,0.0,-2216.7,250690.5,10194.6,101195.1,1055768.4,257.6,-0.000983,0.009741,0.015384,0.022754,-0.0,531219.359649,-4.321635
2009,497364.2,495875.6,342771.9,71090.7,70640.2,1.003,0.997,1.007,0.978,0.951,0.933,0.868,837356.3,9672.1,552051.0,403801.2,72328.118609,18288.433228,6300.0,343.0,40.085429,31887.0,11882.9,25558.4,120938.8,406086.1,381672.718154,233653.9,852298.2,39815.1,752016.9,1459333.2,1489343.0,1635110.431294,0.036182,0.051744,0.981187,341834.4,40021.0,66348.8,61349.8,70736.9,2632.5,19748.0,17392.3,110509.7,112995.603272,4999.0,450.5,215365.5,15111.3,16801.9,62513.4,252538.2,252674.2,-136.0,467903.7,0.539723,0.509277,83866.4,25006.1,5.16333,6303.390259,856192.535787,411543.399714,102847.9,31295.9,14964.6,16286.4,-26216.8,-45543.3,38095.5,14227.5,-16755.1,-16266.5,343.7,70870.5,74224.8,66517.1,68736.7,-71406.6,380527.7,-518363.0,-519922.768305,0.0,9530.9,9559.578736,0.0,28521.7,28607.522568,0.0,-473928.8,-475354.864594,0.0,1226403.9,1230094.182548,0.0,-269605.0,-270416.248746,0.0,318993.3,319953.159478,38193.8,38308.726179,78122.2,78357.271815,1630205.1,0.0,2559.7,-0.0,0.0,0.0,-0.0,0.0,-2559.7,269605.0,16266.5,102594.8,1072993.8,-2426.5,0.020629,0.030508,0.039393,0.045999,-1e-06,521509.659599,-4.915357
2010,504873.7,512064.7,348261.4,83833.4,79161.3,0.986,0.987,0.997,0.97,0.948,0.908,0.893,830371.8,9655.2,558107.1,398992.3,78831.958763,19409.810127,6302.0,328.0,39.831942,32509.0,15136.2,24830.0,131955.0,403646.0,383805.471125,246576.5,862457.2,55292.6,729664.3,1478776.1,1507256.5,1669009.52381,0.024897,0.041433,0.983764,343709.8,40154.3,76081.6,70701.1,76467.0,2447.2,18314.4,18400.5,115629.1,119205.257732,5380.5,4672.1,225281.8,14324.1,16764.4,62238.2,251020.9,251154.8,-133.9,476302.7,0.52702,0.490213,81983.4,24249.7,4.94721,6305.359113,856053.402062,405577.387603,112291.1,32687.7,13490.5,4502.5,-22526.4,-41000.6,34573.9,21592.1,-18262.1,-17781.7,222.8,73807.6,75942.9,68137.9,68244.5,-70049.8,378816.0,-483087.8,-489450.658561,0.0,9534.1,9659.675785,0.0,23299.6,23606.484296,0.0,-526919.3,-533859.473151,0.0,1248320.1,1264762.006079,0.0,-268213.9,-271746.605876,0.0,347284.0,351858.156028,32954.8,33388.855117,31187.8,31598.58156,1647312.4,0.0,2932.8,-0.0,-0.0,-0.0,-0.0,0.0,-2932.8,268213.9,17781.7,123102.9,1096114.6,-3938.0,0.01003,0.019941,0.018974,0.034645,-1e-06,525912.396592,-2.63308
2011,500046.2,514686.7,351865.1,82634.4,83257.1,0.972,0.984,0.992,0.967,0.947,0.886,0.942,824503.6,9363.8,561536.5,391561.0,82010.134436,20209.609293,6285.0,298.0,40.071265,32886.7,15382.4,25127.9,124806.5,404999.9,386048.780488,252993.8,878097.2,72617.4,716683.9,1532417.4,1524064.8,1687375.304878,0.016523,0.032345,0.976468,346284.4,40097.3,73252.3,78421.7,79303.8,2250.8,18140.8,19138.5,118833.9,122889.245088,-5169.4,-622.7,214750.8,13317.0,16765.0,59862.3,251847.9,251977.0,-129.1,466598.7,0.539753,0.489323,80461.9,23658.8,4.526811,6288.22176,852640.744571,400997.353291,103898.2,20586.3,11770.0,10817.0,-21955.1,-41116.7,32751.8,18161.3,-8191.8,-8447.9,399.0,75526.3,76733.0,69860.5,70161.4,-70513.7,379872.0,-463690.1,-471229.776423,0.0,11065.4,11245.325203,0.0,42251.8,42938.821138,0.0,-572739.9,-582052.743902,0.0,1268816.3,1289447.45935,0.0,-282342.7,-286933.638211,0.0,360813.5,366680.386179,51615.6,52454.878049,-11203.4,-11385.569106,1660377.3,0.0,3360.8,0.0,0.0,-0.0,0.0,0.0,-3360.8,282342.7,8447.9,116339.6,1125805.3,560.8,0.00304,0.008328,0.014381,0.02742,0.0,527798.803992,-2.4843
2012,499420.6,517919.3,358105.5,81504.7,86437.3,0.964,0.977,0.978,0.963,0.942,0.892,0.949,821372.8,9181.2,561641.1,385535.2,82316.510903,21028.450106,6286.0,280.0,39.978953,32570.2,16309.5,26013.3,125623.2,405173.7,388086.386899,263169.0,889812.4,79755.3,763912.8,1600458.3,1583580.2,1756466.325486,0.019866,0.034972,0.969908,349919.7,39520.6,72690.8,82026.5,79270.8,2237.0,17999.5,19808.8,119316.1,123900.415369,-9335.7,-4932.6,215015.4,12536.5,16744.7,60111.0,251307.7,251431.0,-123.3,466323.1,0.538913,0.485226,80120.4,23266.2,4.264392,6289.084123,852931.25649,397496.503837,103486.4,22669.2,10422.6,2538.7,-18832.8,-36738.7,27962.0,15409.3,-4249.5,-3878.5,-525.5,77648.9,77087.1,71371.3,70000.6,-70012.0,379160.4,-500743.8,-512532.036847,0.0,13481.8,13799.181167,0.0,60733.7,62163.45957,0.0,-591017.5,-604930.910952,0.0,1330532.4,1361855.06653,0.0,-309288.9,-316570.010235,0.0,320629.0,328177.072671,69914.9,71560.798362,-29376.4,-30067.963153,1716067.6,0.0,3697.7,-0.0,0.0,0.0,0.0,0.0,-3697.7,309288.9,3878.5,142248.4,1156879.1,527.3,0.007114,0.011596,0.021027,0.031754,-0.0,528068.587471,-1.921964
2013,512677.5,532072.3,367943.9,85086.2,92484.7,0.964,0.979,0.973,0.976,0.964,0.976,1.055,837556.2,9357.2,577527.7,395288.5,84386.168033,22431.53527,6338.0,256.0,40.009056,33563.7,18212.0,27832.3,133519.8,409604.7,389961.593463,273196.9,905073.5,79962.0,801922.4,1639946.8,1622527.8,1795384.882533,0.010119,0.026795,1.000049,360207.4,40007.9,83015.1,97527.3,82360.9,2546.6,20442.9,21624.0,126974.4,130096.721311,-14512.2,-7398.5,224887.1,12933.3,16986.7,61447.5,253577.4,253705.1,-127.7,478464.5,0.529982,0.476584,81214.5,23491.0,3.882317,6341.191777,858151.844262,395269.091164,111019.4,25894.4,10864.3,2836.3,-13673.3,-32377.0,20507.7,5455.4,-2392.9,-1809.1,-1319.2,82853.1,77453.8,72576.9,70311.2,-70190.5,381772.4,-528725.5,-540066.905005,0.0,14501.2,14812.257406,0.0,62064.8,63396.118488,0.0,-591170.2,-603851.072523,0.0,1362393.3,1391617.262513,0.0,-315790.9,-322564.759959,0.0,308830.7,315455.26047,71422.0,72954.034729,-13642.5,-13935.137896,1757681.8,0.0,3272.7,0.0,-0.0,0.0,0.0,0.0,-3272.7,315790.9,1809.1,216487.5,1184909.4,649.3,-0.002047,0.0015,0.004126,0.02159,1e-06,535751.900793,-0.686811
2014,523422.8,530195.3,360980.9,92643.3,96071.3,0.987,0.999,0.999,0.996,0.998,0.999,1.062,852207.0,9886.8,598010.8,403339.2,88286.345382,20285.771543,6381.0,233.0,40.483435,39022.7,19438.9,28075.0,133863.7,410930.4,383238.638639,287488.4,919776.7,91243.9,883863.9,1699027.9,1689814.2,1838111.411411,-0.009388,0.005409,1.029721,360755.7,40924.7,92572.1,102031.1,87933.2,2464.1,20559.1,20245.2,131201.6,131728.514056,-9459.0,-3428.0,225100.7,13187.5,17589.8,60459.8,258324.8,258435.2,-110.4,483425.5,0.534363,0.487226,82765.8,23923.6,3.52283,6383.727041,855629.518072,391697.421917,111886.1,18676.0,11125.7,-5694.0,-5631.2,-23655.4,21549.5,19105.8,-8703.1,-8432.4,-1551.1,90841.5,76911.2,74895.0,68415.0,-69888.2,382855.4,-596375.5,-596972.472472,0.0,19782.9,19802.702703,0.0,70789.2,70860.06006,0.0,-593705.4,-594299.6997,0.0,1432934.1,1434368.468468,0.0,-329914.8,-330245.045045,0.0,255831.5,256087.587588,80676.0,80756.756757,4305.4,4309.70971,1836273.3,0.0,3510.5,0.0,-0.0,0.0,0.0,0.0,-3510.5,329914.8,8432.4,292216.4,1227453.7,974.6,-0.020429,-0.015134,-0.014442,0.002876,-1e-06,537974.694743,-1.446052
2015,540740.8,539413.5,364953.6,93616.7,96499.5,1.002,1.0,1.001,0.998,0.999,0.983,0.965,862123.4,10028.7,603508.7,400787.6,92931.162325,20683.483483,6414.0,218.0,40.831322,42268.6,19377.1,28773.1,145267.5,418746.5,389973.4,299777.8,931487.1,96938.4,844285.6,1752546.8,1693066.2,1830417.1,0.009119,0.023117,1.031203,364798.3,41327.9,92009.6,93126.8,92745.3,2559.2,19764.7,20662.8,135732.0,136004.008016,-1117.2,-2882.8,237727.4,12612.0,17889.7,61958.1,261892.1,262003.5,-111.4,499619.5,0.524183,0.485513,83977.2,23812.2,3.287093,6416.725849,863851.102204,388660.052999,123041.3,18872.1,9969.6,4033.3,-2080.3,-14398.8,24244.2,9088.2,-18295.7,-17594.8,-1978.9,94750.9,77767.3,76713.4,69904.4,-70742.6,389973.4,-544507.8,-544507.8,0.0,28414.7,28414.7,0.0,97689.3,97689.3,0.0,-669361.6,-669361.6,0.0,1429629.5,1429629.5,0.0,-338442.4,-338442.4,0.0,317615.6,317615.6,107718.0,107718.0,-65852.9,-65852.9,1830417.1,0.0,3421.7,-0.0,0.0,0.0,0.0,0.0,-3421.7,338442.4,17594.8,372256.2,1266256.2,-1147.3,-0.001001,0.004504,0.005281,0.020596,0.0,536439.540237,0.554389
2016,544829.9,543479.1,364350.9,96831.6,96053.9,1.002,0.997,0.997,0.991,0.998,0.922,0.883,865999.4,10047.4,609769.5,398401.4,92838.14329,21189.478958,6486.0,203.0,41.342075,42152.6,18933.6,29185.7,144442.1,420704.3,392696.69007,314808.2,952922.9,101516.5,902600.6,1795301.0,1724975.6,1862536.308927,0.012546,0.026976,1.031317,363301.8,41832.5,89244.3,84814.3,92002.6,2502.2,19613.7,21147.1,135265.6,136494.046418,4430.0,777.7,233660.8,11416.9,17986.5,59815.2,268144.7,268251.3,-106.6,501805.5,0.53436,0.493385,84611.6,23578.6,3.034833,6488.578487,873864.177598,386303.715995,120805.4,8685.6,9538.8,8001.5,-1773.1,-13052.8,27499.8,17794.3,-21677.1,-21428.6,-2495.6,94236.0,78054.7,78432.1,68472.6,-69306.5,391518.6,-587792.4,-589561.08325,0.0,24993.6,25068.806419,0.0,93574.5,93856.068205,0.0,-661709.3,-663700.401204,0.0,1458547.3,1462936.108325,0.0,-324189.7,-325165.195587,0.0,278207.0,279044.132397,103621.9,103933.701103,-51939.8,-52096.088265,1856948.7,0.0,3424.0,0.0,-0.0,0.0,0.0,0.0,-3424.0,324189.7,21428.6,443651.9,1313689.6,871.8,0.003,0.008731,0.011878,0.02319,0.0,540616.536731,0.5295
2017,555712.5,553173.5,368500.8,102964.9,99688.2,1.005,1.002,1.005,1.004,1.016,0.959,0.949,884008.4,10163.6,621684.3,402794.7,96477.390438,20666.240157,6580.0,184.0,41.580243,42564.5,20766.9,30354.7,148712.7,426190.3,395045.508982,328458.2,973136.2,104539.3,994544.7,1846589.5,1784968.4,1908480.339321,0.003843,0.019301,1.049168,369343.2,41369.5,98692.3,94647.9,96863.3,2562.6,20532.6,20996.9,140955.4,140393.824701,4044.4,3276.7,237358.5,10799.1,18364.2,59482.4,273598.0,273710.4,-112.4,510956.5,0.535462,0.494597,86069.2,23715.8,2.720284,6582.703207,880486.454183,383918.079781,122285.2,20143.8,8938.3,2394.3,3866.5,-10056.7,26073.5,9612.6,-22399.5,-22094.0,-137.8,98238.0,78076.6,80308.1,68235.9,-69482.6,395835.6,-666086.5,-664756.986028,0.0,29168.0,29109.780439,0.0,107087.2,106873.453094,0.0,-665656.3,-664327.644711,0.0,1509502.6,1506489.620758,0.0,-310556.4,-309936.526946,0.0,217921.9,217486.926148,117250.8,117016.766467,-43972.0,-43884.231537,1912297.3,0.0,3458.6,0.0,-0.0,0.0,-0.0,0.0,-3458.6,310556.4,22094.0,483352.7,1351338.8,2191.5,-0.005015,0.000952,0.005648,0.015041,0.0,548002.293153,0.943647
2018,556570.5,554532.0,369679.5,104999.5,102698.8,1.004,1.006,1.016,1.015,1.032,0.963,0.992,902565.2,10231.0,633522.4,403525.5,98357.832512,19610.465116,6701.0,167.0,42.129369,42950.5,22254.0,31177.1,144486.5,431506.9,397942.147117,332961.3,992975.5,125654.3,957307.9,1884897.9,1778022.7,1892162.723658,0.004316,0.019615,1.059873,371838.0,42025.3,101161.2,101910.4,99833.2,2496.5,20888.7,20238.0,143456.4,141336.35468,-749.2,2300.7,231994.7,11663.4,18697.2,57147.7,282308.9,282424.0,-115.1,514303.6,0.548915,0.509094,87870.6,23819.1,2.431567,6703.734435,889226.79803,380729.937809,117061.1,4315.8,9726.2,5632.0,8635.0,-9938.4,28101.4,19209.5,-19383.7,-19218.9,-291.7,100798.1,78521.8,82426.9,66862.1,-67940.6,400329.8,-624346.6,-620622.862823,0.0,33854.3,33652.385686,0.0,126596.9,125841.848907,0.0,-677793.2,-673750.695825,0.0,1499990.2,1491043.936382,0.0,-354772.0,-352656.063618,0.0,278218.6,276559.244533,136827.9,136011.829026,-44270.8,-44006.759443,1903515.7,0.0,3529.6,0.0,0.0,0.0,-0.0,0.0,-3529.6,354772.0,19218.9,502576.8,1369782.1,-683.6,-0.003992,0.004084,0.005101,0.015949,0.0,557776.110595,-0.581615
2019,556800.7,550117.2,368308.5,102590.0,102943.7,1.012,1.012,1.02,1.023,1.048,0.932,0.949,918606.9,10437.6,656837.5,410866.6,95183.870968,20181.583969,6760.0,162.0,42.586967,43305.9,21308.3,30356.4,140115.0,438600.3,403403.063241,340815.3,1014526.6,128204.1,883018.1,1892801.8,1748610.7,1853788.833992,0.002135,0.014551,1.084676,372637.9,43123.5,95656.1,97715.6,97373.1,2532.8,22042.7,21150.3,143098.9,139881.622678,-2059.5,-353.7,227412.1,12022.4,19028.6,56246.2,287887.9,287994.7,-106.8,515300.0,0.55868,0.523321,89363.8,23817.7,2.340364,6762.507809,897953.958944,378792.022864,112668.7,8245.5,10450.7,5840.2,5646.7,-12561.3,34809.3,16686.4,-18671.2,-18210.8,-98.5,99730.6,79518.1,83912.6,70241.5,-69678.5,408243.9,-542202.8,-535773.517787,0.0,29016.9,28672.826087,0.0,107010.1,105741.205534,0.0,-694981.2,-686740.316206,0.0,1465167.7,1447794.16996,0.0,-359719.0,-355453.557312,0.0,376404.1,371940.810277,117447.7,116055.039526,-38143.7,-37691.403162,1876034.3,0.0,4291.7,0.0,0.0,0.0,-0.0,0.0,-4291.7,359719.0,18210.8,505273.7,1401444.4,-1805.2,-0.005964,0.000915,0.004645,0.013003,-1e-06,565370.433697,-2.697919
2020,538787.8,528657.0,354649.6,92347.6,96470.7,1.019,1.011,1.003,1.02,1.053,0.914,0.879,914623.2,10343.6,656877.4,404354.8,88829.901961,18580.721747,6702.0,199.0,42.292584,45735.3,20673.5,30816.9,125025.1,452021.3,416621.562809,386334.8,1071053.7,140287.0,1102854.5,2037149.7,1896209.7,1983801.384768,0.008558,0.020938,1.079723,358522.3,44672.4,84403.4,84811.3,90606.5,2574.3,23254.6,19565.5,136000.9,133334.215686,-407.9,-4123.1,209149.8,11365.9,19370.3,53388.6,283444.9,283549.6,-104.7,492594.7,0.575412,0.53616,90410.7,24042.3,2.88364,6704.475611,896689.411765,374498.640586,107030.0,14837.3,11064.3,11795.5,-27286.3,-51811.7,61669.7,41904.1,-16934.3,-16725.2,276.5,101952.5,80518.5,83308.5,90251.4,-103200.8,421204.4,-716519.7,-708723.738872,0.0,41462.3,41011.177052,0.0,128926.5,127523.738872,0.0,-678491.8,-671109.594461,0.0,1601268.4,1583846.092977,0.0,-371552.2,-367509.594461,0.0,198103.5,195948.071217,139270.1,137754.79723,-21614.4,-21379.228487,2005623.2,0.0,5093.5,-0.0,0.0,0.0,0.0,0.0,-5093.5,371552.2,16725.2,638235.2,1512540.3,457.8,0.000988,0.007227,0.016248,0.019972,0.0,558317.318486,-5.312448
2021,554582.4,544672.3,363275.1,103901.3,103509.0,1.018,1.021,1.026,1.058,1.134,0.999,1.068,957178.3,10651.6,683927.0,435144.5,92925.992439,18562.081129,6706.0,191.0,43.157933,47477.4,24871.7,32554.1,131622.3,449791.7,408655.82762,396173.5,1101128.8,147715.2,1083907.8,2064277.2,1948845.4,2044308.031342,-0.002687,0.014742,1.165688,370978.8,45737.5,103842.4,110497.3,98315.7,2576.2,22579.8,21049.4,144521.1,136598.393195,-6654.9,392.3,217386.0,11856.3,20018.9,53888.4,289417.1,289526.4,-109.3,506803.1,0.571064,0.53136,92863.2,25020.0,2.76932,6708.530242,904705.387524,373294.184608,114031.8,13746.3,14156.7,8375.4,-8604.1,-31952.6,44776.5,29602.1,-20141.9,-19771.2,1213.7,109914.7,84489.3,85683.3,80080.2,-92201.0,417237.6,-687734.3,-673588.932419,0.0,37512.3,36740.744368,0.0,103580.8,101450.342801,0.0,-673179.0,-659333.006856,0.0,1652094.0,1618113.614104,0.0,-425848.2,-417089.324192,0.0,269444.0,263902.056807,114232.4,111882.859941,10748.0,10526.934378,2087238.5,0.0,6425.6,-0.0,-0.0,0.0,-0.0,0.0,-6425.6,425848.2,19771.2,681110.2,1563265.1,301.9,-0.009891,-0.003943,-0.006275,0.009141,-0.0,568497.566148,-4.190918
2022,567268.9,552170.5,372799.4,108949.6,111067.2,1.027,1.048,1.067,1.108,1.193,1.133,1.316,1006451.8,11115.2,713778.3,443824.2,96281.949458,17635.373009,6728.0,178.0,44.074777,46076.4,27566.2,33406.6,136818.7,456188.2,403417.557252,411336.7,1118815.5,153812.3,1092734.2,2060932.7,1975991.9,2019216.603053,-0.019256,0.007831,1.197011,390525.7,46920.4,123431.9,146203.1,106680.4,2806.2,22068.6,21039.0,152594.2,137720.397112,-22771.2,-2117.6,225093.5,13952.7,20931.8,53390.3,296535.1,296640.8,-105.7,521628.6,0.568479,0.537035,97231.9,25989.3,2.577469,6730.398197,908350.0,370777.108717,112161.5,8083.3,15656.0,6824.9,2941.6,-19193.3,31379.5,13221.9,-9108.2,-8936.8,2020.1,112908.8,82455.2,88044.3,78603.6,-85023.9,422781.6,-681397.5,-650188.454198,0.0,36235.0,34575.381679,0.0,70009.4,66802.862595,0.0,-655752.7,-625718.225191,0.0,1672314.8,1595720.229008,0.0,-434240.5,-414351.622137,0.0,325054.3,310166.316794,81124.6,77408.969466,58025.6,55367.938931,2116139.0,0.0,7168.5,-0.0,0.0,-0.0,0.0,0.0,-7168.5,434240.5,8936.8,668385.5,1601763.0,-436.1,-0.026445,-0.021402,-0.024264,-0.006682,-1e-06,577828.958254,-4.440494
2023,595184.3,555784.3,371024.4,112046.0,107448.4,1.071,1.072,1.098,1.14,1.194,1.18,1.282,1042598.4,11761.7,740708.0,440209.0,95414.385965,17054.187605,6756.0,178.0,44.739861,45441.0,28361.2,33543.9,155991.8,462583.1,400223.134328,426733.8,1132123.7,143715.8,1255514.5,2093952.1,2070571.4,2063239.458955,-0.015712,0.011375,1.20122,397697.8,47822.2,132249.7,137733.0,108772.4,3059.2,22953.3,20362.7,155147.6,136094.385965,-5483.3,4597.6,249852.0,17703.4,21592.8,54564.0,302262.5,302364.4,-101.9,552114.5,0.547463,0.543849,100265.2,25845.9,2.567061,6758.277611,914560.0,366468.359724,120593.3,29883.9,20607.9,3292.9,12423.6,-15875.1,30533.8,8993.2,-26639.7,-26294.9,2064.0,113402.4,83184.9,90224.6,76187.6,-77105.8,429039.2,-828780.7,-773116.324627,0.0,51813.6,48333.58209,0.0,53084.4,49519.029851,0.0,-555516.0,-518205.223881,0.0,1771583.7,1652596.735075,0.0,-483069.9,-450624.906716,0.0,213817.7,199456.809701,64846.1,60490.764925,185192.0,172753.731343,2211792.7,0.0,9115.1,-0.0,0.0,0.0,0.0,0.0,-9115.1,483069.9,26294.9,677559.2,1636232.5,-2371.2,-0.022901,-0.017858,-0.017379,-0.001012,-1e-06,575729.521973,-3.464339
