年度,NGSHA_N,NGBA_N,NDEPA_N,NLBDA_N,NEQUA_N,NPENA_N,NNFWA_N,NGSHA_CB,NGBA_CB,NDEPA_CB,NLBDA_CB,NEQUA_CB,NPENA_CB,NNFWA_CB,NGSHA_F,NGBA_F,NDEPA_F,NLBDA_F,NEQUA_F,NPENA_F,NNFWA_F,NGSHA_G,NGBA_G,NDEPA_G,NLBDA_G,NEQUA_G,NPENA_G,NNFWA_G,NGSHA_H,NGBA_H,NDEPA_H,NLBDA_H,NEQUA_H,NPENA_H,NNFWA_H,NGSHA_W,NGBA_W,NDEPA_W,NLBDA_W,NEQUA_W,NPENA_W,NNFWA_W
1994,6499.8,4022.1,176403.0,-674304.5,-210313.9,-23211.7,720905.2,-46499.5,35161.8,0.0,14864.2,20.1,0.0,-3546.6,8685.7,171351.4,-786278.1,915759.6,-11060.8,-329878.2,31420.4,959.4,-227735.5,37146.5,53424.4,54877.6,0.0,81327.6,30571.7,7782.9,580071.8,-197241.2,136875.4,353089.9,-911150.5,-217.1,9417.3,-7343.2,-112502.5,29601.6,0.0,81043.9
1995,6966.0,3302.6,184952.5,-700986.9,-267501.3,-24865.2,798132.3,-53770.9,46558.8,0.0,11229.7,20.1,0.0,-4037.7,8052.9,188277.0,-831157.6,997118.2,-5265.9,-359473.7,2449.1,4555.1,-255504.6,38142.9,50976.7,60015.6,0.0,101814.3,34340.3,7765.1,606976.9,-215257.2,166122.1,384338.9,-984286.1,-143.4,9601.1,1085.3,-143080.5,46609.4,0.0,85928.1
1996,7577.8,4150.3,177929.7,-688263.9,-243101.6,-32533.7,774241.4,-55409.3,53491.6,0.0,6711.6,220.1,0.0,-5014.0,9270.6,205236.4,-855761.8,1033243.4,-122.6,-375994.6,-15871.4,2746.4,-284273.5,35333.6,47866.1,61465.9,0.0,136861.5,35983.1,8415.0,634108.4,-229009.9,137359.8,408528.3,-995384.7,-168.6,12980.2,8390.1,-170547.3,44178.4,0.0,105167.2
1997,8253.3,2450.0,176471.9,-666460.1,-233705.5,-43551.8,756542.2,-63757.8,62529.4,-0.0,6402.5,220.1,0.0,-5394.2,11456.5,236276.5,-880446.4,1033459.6,427.8,-388560.5,-12613.5,5143.3,-328992.4,33788.2,62865.3,68168.2,0.0,159027.4,39093.4,8841.7,667839.6,-242713.5,119976.5,432112.3,-1025150.0,-188.7,18894.8,2346.7,-193553.8,44912.9,0.0,127588.1
1998,8627.1,3551.1,181253.5,-631467.7,-276080.4,-48055.9,762172.3,-63521.7,62991.2,0.0,6059.7,200.1,0.0,-5729.3,11899.7,254974.1,-907888.6,1050538.5,2103.9,-400035.7,-11591.9,2064.8,-357602.8,33435.7,35216.1,96632.1,0.0,190254.1,40968.7,7937.3,693727.3,-247134.0,126988.2,448091.6,-1070579.1,-38.6,28149.1,-527.9,-213212.6,50156.1,0.0,135473.9
1999,11683.3,5361.1,183978.2,-595286.0,-393825.9,-39548.5,827637.8,-92588.9,51259.9,0.0,44556.3,120.1,0.0,-3347.4,24526.7,314096.5,-922074.5,987873.1,15680.0,-414936.0,-5165.8,13170.4,-398501.7,34074.3,26445.5,99411.5,0.0,225400.0,43346.6,7182.9,712971.4,-259827.7,174276.5,454484.5,-1132434.2,-138.1,20601.3,-8949.4,-203761.2,104337.8,0.0,87909.6
2000,10208.0,4960.3,182549.2,-560158.5,-324662.8,-59335.7,746439.5,-89960.0,48234.2,10.1,47209.7,120.1,0.0,-5614.1,11691.1,356223.6,-928500.7,979211.8,9175.1,-424983.1,-2817.8,22266.0,-446392.7,40046.7,23860.2,91682.6,0.0,268537.2,46743.2,10591.6,717945.6,-263742.1,148262.8,484318.8,-1144119.9,-155.8,26383.0,-12050.9,-226381.1,75422.2,0.0,136782.6
2001,10860.5,2966.4,187804.7,-516959.2,-281262.5,-72780.6,669370.7,-111696.3,84632.9,55.3,34028.2,120.1,0.0,-7140.2,35600.9,324350.4,-952384.7,1002174.4,-1812.1,-424996.5,17067.6,13131.8,-442739.8,39006.6,4160.8,96005.9,0.0,290434.7,53245.1,12726.3,727336.6,-268542.2,125369.4,497777.1,-1147912.3,-158.0,18063.8,-1818.5,-254862.0,61579.2,0.0,177195.5
2002,11942.5,5126.7,181314.3,-500524.5,-232258.6,-100276.3,634675.9,-119965.1,89692.1,115.0,36809.5,1261.8,0.0,-7913.3,39967.0,340998.2,-945467.8,991443.9,-25231.2,-416659.6,14949.5,14824.8,-469565.6,36944.9,-19451.0,101433.7,0.0,335813.2,54367.9,12549.3,725447.6,-259289.2,108987.4,516935.9,-1158998.9,-156.6,21199.3,1646.0,-248988.7,45806.9,0.0,180493.1
2003,9650.3,2814.6,193711.0,-448460.7,-321566.9,-61690.4,625542.1,-124172.7,97358.6,27.2,28376.0,2714.1,0.0,-4303.2,45526.6,366595.6,-972119.9,987184.9,-39907.5,-423672.9,36393.2,13276.5,-505196.6,45577.6,-24069.8,109842.5,0.0,360569.8,56949.4,14912.3,731647.1,-265108.3,160042.5,485363.3,-1183806.3,-146.4,23515.5,1157.0,-277922.1,88875.3,0.0,164520.7
2004,9375.1,10193.5,202525.4,-451496.3,-344825.4,-53808.5,628036.2,-121391.1,99717.0,32.9,26454.2,2762.5,0.0,-7575.5,45632.5,372092.5,-972688.9,1016751.0,-47398.6,-429500.5,15112.0,7786.6,-533045.7,40132.3,733.7,110171.7,0.0,374221.4,59868.9,22040.3,729469.6,-269609.9,180348.6,483309.0,-1205426.5,-146.9,29002.4,528.7,-322832.7,98941.2,0.0,194507.3
2005,10518.3,12607.5,205468.6,-446020.7,-495192.2,-32567.7,745186.2,-115593.6,93029.5,57.0,27158.9,3944.9,0.0,-8596.7,40019.5,370406.6,-971742.4,1068804.8,-74608.5,-451462.3,18582.3,6801.3,-536649.6,41020.8,4928.8,134687.4,0.0,349211.3,60090.6,28291.5,725767.1,-273998.0,260543.7,484030.0,-1284724.9,-154.2,32314.5,-571.1,-380873.8,170624.7,0.0,178659.9
2006,10767.1,11990.3,200978.1,-422186.5,-530862.8,-26135.8,755449.6,-95754.0,76539.6,10.9,25282.6,3763.8,0.0,-9842.9,20323.0,366834.0,-968104.2,1116553.4,-64133.6,-459072.8,-12399.8,5794.3,-533704.2,42932.8,1318.4,131754.8,0.0,351903.9,60965.8,33663.6,725733.9,-271757.0,273168.4,485208.6,-1306983.3,-174.2,44676.7,-1551.5,-449210.9,186309.4,0.0,219950.5
2007,10111.5,14434.2,197931.6,-421173.1,-386651.5,-29572.3,614919.6,-96568.4,68290.9,60.7,35623.6,2264.9,0.0,-9671.7,23447.1,372845.9,-958437.9,1099008.2,-73714.9,-446869.2,-16279.2,3779.6,-550274.1,39758.4,-11087.8,129736.8,0.0,388087.1,61681.7,35998.1,732817.5,-272137.2,188301.0,476441.5,-1223102.6,-169.4,58705.0,-12130.3,-430233.7,140063.7,0.0,243764.7
2008,9477.4,13488.9,201637.3,-429377.3,-254551.9,-42667.0,501992.6,-103829.1,65115.1,88.4,45826.7,1361.4,0.0,-8562.5,31348.5,396161.8,-977401.5,1047894.6,-65334.5,-426556.0,-6112.9,2634.0,-565745.7,38771.2,-23903.6,108965.9,0.0,439278.2,62743.3,35643.9,743139.2,-267466.1,136219.3,469223.0,-1179502.6,-157.4,55336.0,-6234.6,-372974.3,73339.8,0.0,250690.5
2009,8534.7,17095.5,208023.7,-396455.1,-319746.9,-35814.9,518363.0,-105882.9,74023.7,89.0,39266.3,2034.8,0.0,-9530.9,32274.5,445575.6,-993542.2,1048457.1,-66974.0,-437269.3,-28521.7,3288.1,-617237.3,38204.0,-13806.0,115622.4,0.0,473928.8,64495.9,34066.8,753735.5,-262939.1,163960.6,473084.2,-1226403.9,-150.6,46475.7,-6510.0,-414523.2,105103.1,0.0,269605.0
2010,8468.2,18094.0,220014.3,-382770.4,-311585.7,-35308.2,483087.8,-125738.0,78445.8,161.3,54597.2,2067.8,0.0,-9534.1,50854.9,468902.3,-1014486.4,1029416.2,-70397.3,-440990.1,-23299.6,2635.1,-658046.3,35877.8,-19071.4,111685.5,0.0,526919.3,66852.6,30702.9,764901.7,-258936.4,168501.0,476298.3,-1248320.1,-140.0,61901.3,-6468.7,-423235.2,99728.7,0.0,268213.9
2011,8521.5,18361.3,226111.0,-369516.7,-311752.1,-35415.1,463690.1,-118401.8,88950.8,66.9,37650.5,2799.0,0.0,-11065.4,42863.5,514724.2,-1045493.7,1043769.2,-68939.5,-444671.9,-42251.8,2062.2,-725116.2,39996.5,-3641.3,113958.9,0.0,572739.9,68386.4,26920.9,782789.9,-255248.5,165880.6,480087.0,-1268816.3,-71.0,76159.0,-3470.6,-453013.2,98053.1,0.0,282342.7
2012,9119.3,17633.2,236416.5,-356126.7,-377077.5,-30708.6,500743.8,-144005.3,127881.4,948.0,24390.9,4266.8,0.0,-13481.8,66540.7,521477.4,-1076303.0,1091984.1,-79543.9,-463421.6,-60733.7,1756.9,-771920.4,44585.3,11299.4,123261.3,0.0,591017.5,70377.8,23054.4,796380.2,-253047.8,199637.6,494130.2,-1330532.4,-91.7,81874.0,-2027.0,-518499.9,129455.7,0.0,309288.9
2013,9129.7,19147.7,244919.5,-338767.1,-441769.5,-21385.8,528725.5,-218439.0,201060.5,773.1,24777.5,6329.1,0.0,-14501.2,137957.7,479444.3,-1102687.6,1104679.6,-82134.8,-475194.4,-62064.8,1951.5,-801013.6,45993.4,27669.8,134228.7,0.0,591170.2,72794.1,20206.7,812072.7,-260134.5,220874.1,496580.2,-1362393.3,-121.3,81154.4,-1071.1,-558225.3,162472.4,0.0,315790.9
2014,9373.4,18295.9,259819.1,-316189.8,-542820.0,-24854.1,596375.5,-294299.7,274606.7,689.9,28644.2,10141.8,0.0,-19782.9,210835.8,459107.8,-1138202.8,1115161.9,-86077.6,-490035.9,-70789.2,2083.3,-864280.1,54460.6,63847.9,150182.9,0.0,593705.4,75642.9,15976.1,828157.7,-256880.1,255147.5,514890.0,-1432934.1,-125.2,96293.6,-4924.5,-634584.1,213425.4,0.0,329914.8
2015,9296.0,17074.5,273407.3,-316275.9,-499694.8,-28314.9,544507.8,-391211.1,364415.5,905.7,42570.9,11733.7,0.0,-28414.7,285010.3,416969.6,-1165378.4,1129452.7,-78885.8,-489479.1,-97689.3,18954.9,-919021.3,64573.2,23692.2,142439.4,0.0,669361.6,81387.8,12507.4,837591.9,-263436.7,243785.1,517794.0,-1429629.5,-16.2,108054.3,-11099.7,-616003.2,180622.4,0.0,338442.4
2016,8898.2,14161.9,291748.1,-328992.8,-548324.6,-25283.2,587792.4,-465749.9,427342.9,1037.3,43704.9,18658.4,0.0,-24993.6,352462.5,363226.0,-1208502.7,1159776.5,-80164.0,-493223.8,-93574.5,22098.0,-930594.8,72857.1,23462.0,150468.4,0.0,661709.3,85903.3,12736.7,854282.9,-266428.3,253545.7,518507.0,-1458547.3,-188.1,113127.3,-11422.7,-631522.3,205816.1,0.0,324189.7
2017,10366.6,12933.9,305157.7,-330999.2,-640749.7,-22795.8,666086.5,-498827.6,459028.1,1127.5,40753.3,27086.7,0.0,-29168.0,388015.9,352320.3,-1241832.5,1174278.3,-68025.0,-497669.8,-107087.2,15474.9,-953236.6,75254.9,40436.9,156413.6,0.0,665656.3,88615.5,12576.6,871944.1,-275465.8,291366.6,520465.6,-1509502.6,-186.7,116377.7,-11651.7,-649003.5,233907.8,0.0,310556.4
2018,9544.7,12425.5,310991.1,-331959.6,-602260.8,-23087.5,624346.6,-520447.1,485989.8,1921.0,35072.4,31318.2,0.0,-33854.3,404007.7,333128.0,-1256063.7,1210583.7,-62821.5,-502237.3,-126596.9,17870.3,-984140.9,69673.4,63333.6,155470.4,0.0,677793.2,92733.0,13402.6,886839.9,-278032.5,259722.4,525324.8,-1499990.2,-179.0,139195.0,-13361.7,-698997.6,218571.3,0.0,354772.0
2019,9152.9,11826.4,319836.0,-336473.6,-521977.5,-24567.0,542202.8,-518343.8,499362.0,1746.3,14072.2,32180.2,0.0,-29016.9,406094.5,328647.0,-1286149.2,1220968.8,-62908.5,-499642.5,-107010.1,13070.1,-995549.6,71868.4,67542.8,148087.1,0.0,694981.2,94548.6,13939.5,906038.5,-283443.0,209874.6,524209.5,-1465167.7,-230.6,141774.7,-13340.0,-682667.2,194744.1,0.0,359719.0
2020,8103.1,10335.5,367896.2,-362746.2,-722947.7,-17160.6,716519.7,-676129.9,541596.6,3236.7,118838.6,53920.3,0.0,-41462.3,533666.5,332958.2,-1390224.9,1237085.1,-66560.1,-517998.3,-128926.5,37894.7,-1054433.6,78853.7,91196.9,167996.5,0.0,678491.8,101834.0,13366.4,955853.3,-294941.3,289997.1,535158.9,-1601268.4,-274.9,156176.9,-15615.0,-789433.1,277593.9,0.0,371552.2
2021,8484.5,9611.1,378077.9,-346260.2,-725362.9,-12284.7,687734.3,-695518.0,530547.1,3149.3,145824.7,53509.2,0.0,-37512.3,574522.9,353743.9,-1436045.3,1219730.7,-83720.3,-524651.1,-103580.8,14407.8,-1071674.8,88275.2,121437.6,174375.2,0.0,673179.0,105019.2,12701.3,983408.3,-296751.4,310780.8,536935.8,-1652094.0,-490.8,165071.4,-16865.4,-843981.4,270418.0,0.0,425848.2
2022,9340.8,11017.1,390978.8,-338413.9,-742921.4,-11398.9,681397.5,-685249.1,581563.5,3050.9,82081.8,54787.9,0.0,-36235.0,560315.3,302008.6,-1469518.4,1290173.4,-91564.6,-521404.9,-70009.4,16863.6,-1081349.3,95518.9,132929.6,180284.5,0.0,655752.7,106181.6,12891.0,999742.9,-303677.1,324372.6,532803.8,-1672314.8,-283.7,173869.1,-19773.1,-863093.8,275041.0,0.0,434240.5
2023,9876.1,8655.4,408202.3,-321545.1,-932257.7,-1711.7,828780.7,-694627.3,580229.7,3296.2,86860.2,76054.8,0.0,-51813.6,571788.5,301586.5,-1500585.9,1344191.6,-123614.5,-540281.8,-53084.4,17068.1,-1071865.3,99651.3,198744.9,200885.0,0.0,555516.0,105120.0,13620.9,1013382.8,-298987.7,396454.2,541993.5,-1771583.7,-110.3,167772.8,-23946.7,-1009263.9,382478.2,0.0,483069.9
