年度,RB,RM,RL,CHI,PSI,RH,FINCOME_N,FINCOME_CB,FINCOME_F,FINCOME_G,FINCOME_H,FINCOME_W,EPSILON_N,EPSILON_F,EPSILON_G,EPSILON_H,EPSILON_W,GAPNL_CB
1994,0.075439,0.037456,0.107907,,,0.0,,,,,,,,,,,,
1995,0.068209,0.02934,0.089416,0.013123,0.053339,0.0,-69849.796084,4256.802501,64552.808913,-9303.820317,21660.019327,-11316.014342,33681.496084,-61668.208913,3717.620317,12783.880673,6454.614342,-5253.002501
1996,0.061633,0.027615,0.082672,0.007971,0.048632,0.0,-60369.204555,4179.985635,60090.531142,-11271.966924,19106.132012,-11735.47731,30610.804555,-56771.931142,5444.166924,12572.167988,5057.77731,-4795.285635
1997,0.053351,0.023564,0.07524,0.008709,0.045744,0.0,-55336.40414,3853.621328,57237.694073,-12052.374974,18980.516115,-12683.052402,25771.10414,-54415.594073,6210.174974,11993.383885,5646.852402,-4067.021328
1998,0.04778,0.019187,0.064894,0.013504,0.042418,0.0,-50858.487009,3820.687697,53139.540697,-11105.293065,17896.677315,-12893.125635,23377.587009,-51185.440697,4352.093065,11903.022685,6849.425635,-2893.087697
1999,0.040719,0.018531,0.064444,0.008875,0.039101,0.0,-41660.303297,3404.70533,47313.88138,-13301.6955,16299.704238,-12056.292151,19290.803297,-45540.28138,6874.4955,10860.095762,5345.392151,-4450.10533
2000,0.030362,0.009741,0.053239,0.004167,0.034914,0.0,-37757.207228,4959.127827,44943.82056,-13476.430746,13354.116018,-12023.426433,22115.407228,-44075.52056,7057.730746,13070.883982,3919.326433,-4219.127827
2001,0.026651,0.007309,0.044361,0.00663,0.033687,0.0,-32044.787163,3978.76777,39647.616618,-11285.062166,10572.06077,-10868.595829,13056.687163,-38127.016618,6929.762166,11325.83923,2766.895829,-2958.56777
2002,0.022339,0.007737,0.039887,0.011834,0.031804,0.0,-27124.170571,3766.916742,32602.807906,-10193.788569,11057.206371,-10108.971878,10735.870571,-31800.407906,6430.888569,9876.493629,2680.471878,-4638.716742
2003,0.018773,0.007167,0.034921,0.012691,0.029365,0.0,-24339.209957,3488.735532,27292.119365,-9692.249016,12114.248747,-8863.644671,11452.709957,-26847.319365,6225.349016,8146.851253,66.044671,-4079.735532
2004,0.016619,0.007041,0.037305,0.0089,0.027263,0.0,-18763.438813,2842.98915,22482.105919,-9020.322186,10923.176018,-8464.510088,11462.838813,-23174.005919,6710.422186,8674.423982,-1965.189912,-2524.58915
2005,0.017693,0.010806,0.03815,0.011857,0.027709,0.0,-20827.29943,2677.038715,24802.230384,-7242.366603,10974.784456,-10384.387523,8110.99943,-25582.230384,6647.966603,9884.715544,-2370.912477,-2135.338715
2006,0.01896,0.014468,0.039375,0.011572,0.026999,0.0,-21181.637383,2728.350477,23774.702154,-7305.124228,13973.951493,-11990.242512,11400.137383,-25245.502154,7126.224228,10138.248507,-2960.957488,-1878.950477
2007,0.018458,0.013363,0.035282,0.009558,0.02522,0.0,-19221.737752,2482.839848,24722.366363,-8186.790313,15285.345825,-15082.023972,9712.137752,-25318.566363,7186.690313,9777.854175,-1355.076028,-2140.839848
2008,0.016901,0.010724,0.032695,0.016367,0.023737,0.0,-18978.603959,2555.242056,21035.601786,-7893.427819,15246.602261,-11965.414325,4555.203959,-21112.001786,6167.427819,7486.097739,-579.285675,-2555.942056
2009,0.015553,0.009879,0.031115,0.018764,0.02537,0.0,-17507.09263,2625.318242,18426.942685,-7882.870666,14287.496149,-9949.793781,6754.49263,-18117.242685,5421.270666,7874.303851,-2718.306219,-2281.618242
2010,0.014867,0.009911,0.031403,0.008944,0.024615,0.0,-13756.328406,2392.151169,18375.67676,-8617.905428,12905.802012,-11299.396108,6420.828406,-18549.07676,5723.605428,9102.697988,-2354.203892,-2169.351169
2011,0.013483,0.005288,0.029305,0.011341,0.02438,0.0,-13965.235932,2905.830511,17693.535624,-8759.850713,13429.399766,-11303.679256,1519.735932,-17695.635624,5124.450713,9569.800234,-2715.320744,-2506.830511
2012,0.012752,0.004482,0.027858,0.013913,0.02464,0.0,-14595.559998,2341.924675,20082.927932,-8086.062066,11159.591419,-10902.821962,1103.159998,-19770.027932,4392.262066,12471.508581,-3263.078038,-2867.424675
2013,0.012166,0.003547,0.028842,0.006173,0.023637,0.0,-11690.128255,2340.769652,20801.127321,-8567.778002,9726.127378,-12610.118093,431.528255,-19944.827321,5253.078002,14414.772622,-5386.081907,-3659.969652
2014,0.011041,0.005295,0.025838,0.005987,0.023305,0.0,-11812.598637,3201.447967,22217.448177,-7980.539634,8518.472807,-14144.230681,1784.198637,-20071.248177,4730.939634,15101.927193,-5678.669319,-4752.547967
2015,0.01012,0.005505,0.024118,0.006282,0.021597,0.0,-10538.610531,3839.2645,16731.310318,-6660.627199,10647.145342,-14018.48243,1805.910531,-15049.110318,4010.227199,14233.354658,-7031.21757,-5818.1645
2016,0.009546,0.005731,0.023976,0.008878,0.02019,0.0,-10957.696237,4823.922264,14460.993552,-7109.466698,11003.045035,-12220.797916,-1747.803763,-12280.393552,4252.866698,13162.154965,-6826.702084,-7319.522264
2017,0.008858,0.005967,0.024316,0.010663,0.020056,0.0,-12434.677815,5332.236939,13600.65508,-6299.037299,11732.764144,-11931.941049,-2701.022185,-10781.45508,4415.437299,13028.835856,-8275.758951,-5470.036939
2018,0.008308,0.008076,0.023607,0.009093,0.019941,0.0,-12394.171193,5310.067906,13721.710036,-5589.198156,11644.285722,-12692.694315,994.071193,-11002.610036,4694.798156,13428.814278,-8903.705685,-5601.767906
2019,0.008099,0.006879,0.020515,0.010609,0.018967,0.0,-12048.875268,5213.099273,11008.986409,-4468.631349,13429.321229,-13133.900295,1144.475268,-7731.886409,4158.131349,10688.578771,-8648.299705,-5311.599273
2020,0.00757,0.006239,0.01995,0.01526,0.018984,0.0,-13038.795219,4836.291945,8417.249705,-3923.411449,13685.145469,-9976.480451,-3806.804781,-4959.049705,3187.511449,11146.554531,-9709.819549,-4559.791945
2021,0.007204,0.005948,0.024633,0.003616,0.019032,0.0,-7803.928847,6685.91494,8427.440598,-5063.412038,11414.243659,-13660.258312,-3734.471153,-1998.740598,4464.212038,14882.456341,-15241.641688,-5472.21494
2022,0.007189,0.005043,0.034276,0.002181,0.019763,0.0,-8036.314403,7549.448765,13500.870789,-3823.186123,9920.373126,-19111.192155,-527.385597,-6252.270789,4868.486123,17633.126874,-15539.707845,-5529.348765
2023,0.007189,0.005043,0.034276,0.005522,0.021889,0.0,-13900.788621,7312.303569,27064.043012,-1740.283992,8179.319633,-26914.593602,3392.988621,-18288.043012,4096.683992,21287.780367,-9111.806398,-5248.303569
